{
  "tool": "ThreatFade",
  "version": "0.2.0-beta",
  "exported_at": "2026-04-10T07:49:20.520772",
  "total_events": 1,
  "events": [
    {
      "detected": true,
      "score": 0.30934440730341384,
      "confidence": "medium",
      "entropy": 2.7993481293906477,
      "drop_ratio": 0.5,
      "z_outlier": 1.9639610121239313,
      "fade_start": 6,
      "rules_matched": 0,
      "entropy_score": 0.0668839568697841,
      "drop_score": 0.5,
      "zscore_score": 0.19639610121239312
    }
  ]
}